"2014-08-26T14:00:00","usd","USD Consumer Confidence (AUG)","High","92.4","89.0","90.3","Consumer Confidence"
"2014-09-30T14:00:00","usd","USD Consumer Confidence (SEP)","High","86.0","92.5","93.4","Consumer Confidence"
"2014-10-28T14:00:00","usd","USD Consumer Confidence (OCT)","High","94.5","87","89","Consumer Confidence"
"2014-11-25T15:00:00","usd","USD Consumer Confidence (NOV)","High","88.7","96.0","94.5","Consumer Confidence"
"2015-01-27T15:00:00","usd","USD Consumer Confidence (JAN)","High","102.9","95.5","93.1","Consumer Confidence"
"2015-02-24T15:00:00","usd","USD Consumer Confidence (FEB)","High","96.4","99.5","103.8","Consumer Confidence"
"2015-03-31T14:00:00","usd","USD Consumer Confidence (MAR)","High","101.3","96.4","98.8","Consumer Confidence"
"2015-04-28T14:00:00","usd","USD Consumer Confidence (APR)","High","95.2","102.5","101.4","Consumer Confidence"
"2015-05-26T14:00:00","usd","USD Consumer Confidence (MAY)","High","95.4","95.0","94.3","Consumer Confidence"
"2015-06-30T14:00:00","usd","USD Consumer Confidence (JUN)","High","101.4","97.1","95.4","Consumer Confidence"
"2015-07-28T14:00:00","usd","USD Consumer Confidence (JUL)","High","90.9","100","99.8","Consumer Confidence"
"2015-08-25T14:00:00","usd","USD Consumer Confidence (AUG)","High","101.5","93.4","90.9","Consumer Confidence"
"2015-09-29T14:00:00","usd","USD Consumer Confidence (SEP)","High","103.0","97.0","101.3","Consumer Confidence"
"2015-10-27T14:00:00","usd","USD Consumer Confidence (OCT)","High","97.6","102.9","103.0","Consumer Confidence"
"2015-11-24T15:00:00","usd","USD Consumer Confidence (NOV)","High","90.4","99.5","99.1","Consumer Confidence"
"2016-01-26T15:00:00","usd","USD Consumer Confidence (JAN)","High","98.1","96.5","96.3","Consumer Confidence"
"2016-02-23T15:00:00","usd","USD Consumer Confidence (FEB)","High","92.2","97.3","98.1","Consumer Confidence"
"2016-03-29T14:00:00","usd","USD Consumer Confidence (MAR)","High","96.2","94.0","94.0","Consumer Confidence"
"2016-04-26T14:00:00","usd","USD Consumer Confidence (APR)","High","94.2","96.0","96.2","Consumer Confidence"
"2016-05-31T14:00:00","usd","USD Consumer Confidence (MAY)","High","92.6","96.1","94.7","Consumer Confidence"
"2016-06-28T14:00:00","usd","USD Consumer Confidence (JUN)","High","98.0","93.5","92.4","Consumer Confidence"
"2016-07-26T14:00:00","usd","USD Consumer Confidence (JUL)","High","97.3","96","97.4","Consumer Confidence"
"2016-08-30T14:00:00","usd","USD Consumer Confidence (AUG)","High","101.1","97","96.7","Consumer Confidence"
"2016-09-27T14:00:00","usd","USD Consumer Confidence (SEP)","High","104.1","99.0","101.8","Consumer Confidence"
"2016-10-25T14:00:00","usd","USD Consumer Confidence (OCT)","High","98.6","101","103.5","Consumer Confidence"
"2016-11-29T15:00:00","usd","USD Consumer Confidence (NOV)","High","107.1","101.5","100.8","Consumer Confidence"
"2016-12-27T15:00:00","usd","USD Consumer Confidence (DEC)","High","113.7","109.0","109.4","Consumer Confidence"
"2017-01-31T15:00:00","usd","USD Consumer Confidence (JAN)","High","111.8","113","113.3","Consumer Confidence"
"2017-02-28T15:00:00","usd","USD Consumer Confidence (FEB)","High","114.8","111","111.8","Consumer Confidence"
"2017-03-28T14:00:00","usd","USD Consumer Confidence (MAR)","High","125.6","114.0","116.1","Consumer Confidence"
"2017-04-25T14:00:00","usd","USD Consumer Confidence (APR)","High","120.3","122.5","124.9","Consumer Confidence"
"2017-05-30T14:00:00","usd","USD Consumer Confidence (MAY)","High","117.9","119.5","119.4","Consumer Confidence"
"2017-06-27T14:00:00","usd","USD Consumer Confidence (JUN)","High","118.9","116","117.6","Consumer Confidence"
"2017-07-25T14:00:00","usd","USD Consumer Confidence (Jul)","High","121.1","116.5","117.3","Consumer Confidence"
"2017-08-29T14:00:00","usd","USD Consumer Confidence (AUG)","High","122.9","120.7","120","Consumer Confidence"
"2017-09-26T14:00:00","usd","USD Consumer Confidence (SEP)","High","119.8","120","120.4","Consumer Confidence"
"2017-10-31T14:00:00","usd","USD Consumer Confidence Index (OCT)","High","125.9","121","120.6","Consumer Confidence"
"2017-11-28T15:00:00","usd","USD Consumer Confidence Index (NOV)","High","129.5","124.0","126.2","Consumer Confidence"
"2017-12-27T15:00:00","usd","USD Consumer Confidence Index (DEC)","High","122.1","128","128.6","Consumer Confidence"
"2018-01-30T15:00:00","usd","USD Consumer Confidence Index (JAN)","High","125.4","123.0","123.1","Consumer Confidence"
"2018-02-27T15:00:00","usd","USD Consumer Confidence Index (FEB)","High","130.8","126.5","124.3","Consumer Confidence"
"2018-03-27T14:00:00","usd","USD Consumer Confidence Index (MAR)","High","127.7","131.0","130.8","Consumer Confidence"
"2018-04-24T14:00:00","usd","USD Consumer Confidence Index (APR)","High","128.7","126.0","127.0","Consumer Confidence"
"2018-05-29T14:00:00","usd","USD Consumer Confidence Index (MAY)","High","128.0","128.0","125.6","Consumer Confidence"
"2018-06-26T14:00:00","usd","USD Consumer Confidence Index (JUN)","High","126.4","128","128.8","Consumer Confidence"
"2018-07-31T14:00:00","usd","USD Consumer Confidence Index (JUL)","High","127.4","126.0","127.1","Consumer Confidence"
"2018-08-28T14:00:00","usd","USD Consumer Confidence Index (AUG)","High","133.4","126.6","127.9","Consumer Confidence"
"2018-09-25T14:00:00","usd","USD Consumer Confidence Index (SEP)","High","138.4","132.1","134.7","Consumer Confidence"
"2018-10-30T14:00:00","usd","USD Consumer Confidence Index (OCT)","High","137.9","136","135.3","Consumer Confidence"
"2018-11-27T15:00:00","usd","USD Consumer Confidence Index (NOV)","High","135.7","135.7","137.9","Consumer Confidence"
"2018-12-27T15:00:00","usd","USD Consumer Confidence Index (DEC)","High","128.1","133.5","136.4","Consumer Confidence"
"2019-01-29T15:00:00","usd","USD Consumer Confidence Index (JAN)","High","120.2","124.6","126.6","Consumer Confidence"
"2019-02-26T15:00:00","usd","USD Consumer Confidence Index (FEB)","High","131.4","124.9","121.7","Consumer Confidence"
"2014-06-17T12:30:00","usd","USD Consumer Price Index (YoY) (MAY)","High","2.1%","2.0%","2.0%","CPI"
"2014-07-22T12:30:00","usd","USD Consumer Price Index (YoY) (JUN)","High","2.1%","2.1%","2.1%","CPI"
"2014-08-19T12:30:00","usd","USD Consumer Price Index (YoY) (JUL)","High","2.0%","2.0%","2.1%","CPI"
"2014-09-17T12:30:00","usd","USD Consumer Price Index (YoY) (AUG)","High","1.7%","1.9%","2.0%","CPI"
"2014-10-22T12:30:00","usd","USD Consumer Price Index (YoY) (SEP)","High","1.7%","1.6%","1.7%","CPI"
"2014-11-20T13:30:00","usd","USD Consumer Price Index (YoY) (OCT)","High","1.7%","1.6%","1.7%","CPI"
"2014-12-17T13:30:00","usd","USD Consumer Price Index (YoY) (NOV)","High","1.3%","1.4%","1.7%","CPI"
"2015-01-16T13:30:00","usd","USD Consumer Price Index (YoY) (DEC)","High","0.8%","0.7%","1.3%","CPI"
"2015-02-26T13:30:00","usd","USD Consumer Price Index (YoY) (JAN)","High","-0.1%","-0.1%","0.8%","CPI"
"2015-03-24T12:30:00","usd","USD Consumer Price Index (YoY) (FEB)","High","0.0%","-0.1%","-0.1%","CPI"
"2015-04-17T12:30:00","usd","USD Consumer Price Index (YoY) (MAR)","High","-0.1%","0.0%","0.0%","CPI"
"2015-05-22T12:30:00","usd","USD Consumer Price Index (YoY) (APR)","High","-0.2%","-0.2%","-0.1%","CPI"
"2015-06-18T12:30:00","usd","USD Consumer Price Index (YoY) (MAY)","High","0.0","0.1","-0.2","CPI"
"2015-07-17T12:30:00","usd","USD Consumer Price Index (YoY) (JUN)","High","0.10","0.10","0.00","CPI"
"2015-08-19T12:30:00","usd","USD Consumer Price Index (YoY) (JUL)","High","0.2","0.2","0.1","CPI"
"2015-09-16T12:30:00","usd","USD Consumer Price Index (YoY) (AUG)","High","0.2","0.2","0.2","CPI"
"2015-10-15T12:30:00","usd","USD Consumer Price Index (YoY) (SEP)","High","0.0","-0.1","0.2","CPI"
"2015-11-17T13:30:00","usd","USD Consumer Price Index (YoY) (OCT)","High","0.2","0.1","0.0","CPI"
"2015-12-15T13:30:00","usd","USD Consumer Price Index (YoY) (NOV)","High","0.5","0.5","0.2","CPI"
"2016-01-20T13:30:00","usd","USD Consumer Price Index (YoY) (DEC)","High","0.7","0.8","0.5","CPI"
"2016-02-19T13:30:00","usd","USD Consumer Price Index (YoY) (JAN)","High","1.4","1.3","0.7","CPI"
"2016-03-16T12:30:00","usd","USD Consumer Price Index (YoY) (FEB)","High","1.0","0.9","1.4","CPI"
"2016-04-14T12:30:00","usd","USD Consumer Price Index (YoY) (MAR)","High","0.9","1.1","1.0","CPI"
"2016-05-17T12:30:00","usd","USD Consumer Price Index (YoY) (APR)","High","1.1","1.1","0.9","CPI"
"2016-06-16T12:30:00","usd","USD Consumer Price Index (YoY) (MAY)","High","1.0","1.1","1.1","CPI"
"2016-07-15T12:30:00","usd","USD Consumer Price Index (YoY) (JUN)","High","1.0","1.1","1.0","CPI"
"2016-08-16T12:30:00","usd","USD Consumer Price Index (YoY) (JUL)","High","0.8","0.9","1.0","CPI"
"2016-09-16T12:30:00","usd","USD Consumer Price Index (YoY) (AUG)","High","1.1","1.0","0.8","CPI"
"2016-10-18T12:30:00","usd","USD Consumer Price Index (YoY) (SEP)","High","1.5","1.5","1.1","CPI"
"2016-11-17T13:30:00","usd","USD Consumer Price Index (YoY) (OCT)","High","1.6","1.6","1.5","CPI"
"2016-12-15T13:30:00","usd","USD Consumer Price Index (YoY) (NOV)","High","1.7","1.7","1.6","CPI"
"2017-01-18T13:30:00","usd","USD Consumer Price Index (YoY) (DEC)","High","2.1","2.1","1.7","CPI"
"2017-02-15T13:30:00","usd","USD Consumer Price Index (YoY) (JAN)","High","2.5","2.4","2.1","CPI"
"2017-03-15T12:30:00","usd","USD Consumer Price Index  (YoY) (FEB)","High","2.7","2.7","2.5","CPI"
"2017-04-14T12:30:00","usd","USD Consumer Price Index (YoY) (MAR)","High","2.4","2.6","2.7","CPI"
"2017-05-12T12:30:00","usd","USD Consumer Price Index (YoY) (APR)","High","2.2","2.3","2.4","CPI"
"2017-06-14T12:30:00","usd","USD Consumer Price Index (YoY) (MAY)","High","1.9","2.0","2.2","CPI"
"2017-07-14T12:30:00","usd","USD Consumer Price Index (YoY) (JUN)","High","1.6","1.7","1.9","CPI"
"2017-08-11T12:30:00","usd","USD Consumer Price Index (YoY) (JUL)","High","1.7","1.8","1.6","CPI"
"2017-09-14T12:30:00","usd","USD Consumer Price Index (YoY) (AUG)","High","1.9","1.8","1.7","CPI"
"2017-10-13T12:30:00","usd","USD Consumer Price Index (YoY) (SEP)","High","2.2","2.3","1.9","CPI"
"2017-11-15T13:30:00","usd","USD Consumer Price Index (YoY) (OCT)","High","2.0","2.0","2.2","CPI"
"2017-12-13T13:30:00","usd","USD Consumer Price Index (YoY) (NOV)","High","2.2","2.2","2.0","CPI"
"2018-01-12T13:30:00","usd","USD Consumer Price Index (YoY) (DEC)","High","2.1","2.1","2.2","CPI"
"2018-02-14T13:30:00","usd","USD Consumer Price Index (YoY) (JAN)","High","2.1","1.9","2.1","CPI"
"2018-03-13T12:30:00","usd","USD Consumer Price Index (YoY) (Feb)","High","2.2","2.2","2.1","CPI"
"2018-04-11T12:30:00","usd","USD Consumer Price Index (YoY) (Mar)","High","2.4","2.4","2.2","CPI"
"2018-05-10T12:30:00","usd","USD Consumer Price Index (YoY) (APR)","High","2.5","2.5","2.4","CPI"
"2018-06-12T12:30:00","usd","USD Consumer Price Index (YoY) (MAY)","High","2.8","2.8","2.5","CPI"
"2018-07-12T12:30:00","usd","USD Consumer Price Index (YoY) (JUN)","High","2.9","2.9","2.8","CPI"
"2018-08-10T12:30:00","usd","USD Consumer Price Index (YoY) (JUL)","High","2.9","2.9","2.9","CPI"
"2018-09-13T12:30:00","usd","USD Consumer Price Index (YoY) (AUG)","High","2.7","2.8","2.9","CPI"
"2018-10-11T12:30:00","usd","USD Consumer Price Index (YoY) (SEP)","High","2.3","2.4","2.7","CPI"
"2018-11-14T13:30:00","usd","USD Consumer Price Index (YoY) (OCT)","High","2.5","2.5","2.3","CPI"
"2018-12-12T13:30:00","usd","USD Consumer Price Index (YoY) (NOV)","High","2.2","2.2","2.5","CPI"
"2019-01-11T13:30:00","usd","USD Consumer Price Index (YoY) (DEC)","High","1.9","1.9","2.2","CPI"
"2019-02-13T13:30:00","usd","USD Consumer Price Index (YoY) (JAN)","High","1.6","1.5","1.9","CPI"
"2019-03-12T12:30:00","usd","USD Consumer Price Index (YoY) (FEB)","High","1.50","1.60","1.60","CPI"
"2014-07-25T12:30:00","usd","USD Durable Goods Orders (JUN)","High","0.7","0.5","-1.0","Durable Goods"
"2014-08-26T12:30:00","usd","USD Durable Goods Orders (JUL)","High","22.6","8.0","2.7","Durable Goods"
"2014-09-25T12:30:00","usd","USD Durable Goods Orders (Aug)","High","-18.2","-18.0","22.5","Durable Goods"
"2014-10-28T12:30:00","usd","USD Durable Goods Orders (SEP)","High","-1.3","0.5","-18.3","Durable Goods"
"2014-11-26T13:30:00","usd","USD Durable Goods Orders (OCT)","High","0.4","-0.6","-0.9","Durable Goods"
"2014-12-23T13:30:00","usd","USD Durable Goods Orders (NOV)","High","-0.7","3.0","0.3","Durable Goods"
"2015-01-27T13:30:00","usd","USD Durable Goods Orders (DEC)","High","-3.4","0.3","-2.1","Durable Goods"
"2015-02-26T13:30:00","usd","USD Durable Goods Orders (JAN)","High","2.8","1.6","-3.7","Durable Goods"
"2015-03-25T12:30:00","usd","USD Durable Goods Orders (FEB)","High","-1.4","0.2","2.0","Durable Goods"
"2015-04-24T12:30:00","usd","USD Durable Goods Orders (MAR)","High","4.0","0.6","-1.4","Durable Goods"
"2015-05-26T12:30:00","usd","USD Durable Goods Orders (APR)","High","-0.5","-0.5","5.1","Durable Goods"
"2015-06-23T12:30:00","usd","USD Durable Goods Orders (MAY)","High","-1.8","-1.0","-1.5","Durable Goods"
"2015-07-27T12:30:00","usd","USD Durable Goods Orders (JUN)","High","3.4","3.2","-2.1","Durable Goods"
"2015-08-26T12:30:00","usd","USD Durable Goods Orders (JUL)","High","2.0","-0.4","4.3","Durable Goods"
"2015-09-24T12:30:00","usd","USD Durable Goods Orders (AUG)","High","-2.0","-2.3","1.9","Durable Goods"
"2015-10-27T12:30:00","usd","USD Durable Goods Orders (SEP)","High","-1.2","-1.5","-3.0","Durable Goods"
"2015-11-25T13:30:00","usd","USD Durable Goods Orders (OCT)","High","3.0","1.7","-0.8","Durable Goods"
"2015-12-23T13:30:00","usd","USD Durable Goods Orders (NOV P)","High","0.0","-0.6","2.9","Durable Goods"
"2016-01-28T13:30:00","usd","USD Durable Goods Orders (DEC P)","High","-5.1","-0.7","-0.5","Durable Goods"
"2016-02-25T13:30:00","usd","USD Durable Goods Orders (JAN P)","High","4.9","2.9","-4.6","Durable Goods"
"2016-03-24T12:30:00","usd","USD Durable Goods Orders (FEB P)","High","-2.8","-3.0","4.2","Durable Goods"
"2016-04-26T12:30:00","usd","USD Durable Goods Orders (MAR P)","High","0.8","1.9","-3.0","Durable Goods"
"2016-05-26T12:30:00","usd","USD Durable Goods Orders (APR P)","High","3.4","0.5","1.9","Durable Goods"
"2016-06-24T12:30:00","usd","USD Durable Goods Orders (MAY P)","High","-2.2","-0.5","3.4","Durable Goods"
"2016-07-27T12:30:00","usd","USD Durable Goods Orders (JUN P)","High","-4.0","-1.4","-2.8","Durable Goods"
"2016-08-25T12:30:00","usd","USD Durable Goods Orders (JUL P)","High","4.4","3.4","-4.2","Durable Goods"
"2016-09-28T12:30:00","usd","USD Durable Goods Orders (AUG P)","High","0.0","-1.5","3.6","Durable Goods"
"2016-10-27T12:30:00","usd","USD Durable Goods Orders (SEP P)","High","-0.1","0.1","0.3","Durable Goods"
"2016-11-23T13:30:00","usd","USD Durable Goods Orders (OCT P)","High","4.8","1.7","-0.3","Durable Goods"
"2016-12-22T13:30:00","usd","USD Durable Goods Orders (NOV P)","High","-4.6","-4.8","4.8","Durable Goods"
"2017-01-27T13:30:00","usd","USD Durable Goods Orders (DEC P)","High","-0.4","2.6","-4.8","Durable Goods"
"2017-02-27T13:30:00","usd","USD Durable Goods Orders (JAN P)","High","1.8","1.6","-0.5","Durable Goods"
"2017-03-24T12:30:00","usd","USD Durable Goods Orders (FEB P)","High","1.7","1.2","2.3","Durable Goods"
"2017-04-27T12:30:00","usd","USD Durable Goods Orders (MAR P)","High","0.7","1.3","2.3","Durable Goods"
"2017-05-26T12:30:00","usd","USD Durable Goods Orders (APR P)","High","-0.7","-1.5","2.3","Durable Goods"
"2017-06-26T12:30:00","usd","USD Durable Goods Orders (MAY P)","High","-1.1","-0.6","-0.9","Durable Goods"
"2017-07-27T12:30:00","usd","USD Durable Goods Orders (Jun P)","High","6.5","3.9","-0.1","Durable Goods"
"2017-08-25T12:30:00","usd","USD Durable Goods Orders (JUL P)","High","-6.8","-6.0","6.4","Durable Goods"
"2017-09-27T12:30:00","usd","USD Durable Goods Orders (AUG P)","High","1.7","1.0","-6.8","Durable Goods"
"2017-10-25T12:30:00","usd","USD Durable Goods Orders (SEP P)","High","2.2","1.0","2.0","Durable Goods"
"2017-11-22T13:30:00","usd","USD Durable Goods Orders (OCT P)","High","-1.2","0.3","2.2","Durable Goods"
"2017-12-22T13:30:00","usd","USD Durable Goods Orders (NOV P)","High","1.3","2.0","-0.4","Durable Goods"
"2018-01-26T13:30:00","usd","USD Durable Goods Orders (DEC P)","High","2.9","0.8","1.7","Durable Goods"
"2018-02-27T13:30:00","usd","USD Durable Goods Orders (JAN P)","High","-3.7","-2.0","2.6","Durable Goods"
"2018-03-23T12:30:00","usd","USD Durable Goods Orders (FEB P)","High","3.1","1.6","-3.5","Durable Goods"
"2018-04-26T12:30:00","usd","USD Durable Goods Orders (MAR P)","High","2.6","1.6","3.5","Durable Goods"
"2018-05-25T12:30:00","usd","USD Durable Goods Orders (APR P)","High","-1.7","-1.3","2.7","Durable Goods"
"2018-06-27T12:30:00","usd","USD Durable Goods Orders (MAY P)","High","-0.6","-1.0","-1.0","Durable Goods"
"2018-08-24T12:30:00","usd","USD Durable Goods Orders (JUL P)","High","-1.7","-1.0","0.7","Durable Goods"
"2018-09-27T12:30:00","usd","USD Durable Goods Orders (AUG P)","High","4.5","2.0","-1.2","Durable Goods"
"2018-10-25T12:30:00","usd","USD Durable Goods Orders (SEP P)","High","0.8","-1.5","4.6","Durable Goods"
"2018-11-21T13:30:00","usd","USD Durable Goods Orders (OCT P)","High","-4.4","-2.6","-0.1","Durable Goods"
"2018-12-21T13:30:00","usd","USD Durable Goods Orders (NOV P)","High","0.8","1.6","-4.3","Durable Goods"
"2019-01-25T13:30:00","usd","USD Durable Goods Orders (DEC P)","High","delayed","","","Durable Goods"
"2019-02-21T13:30:00","usd","USD Durable Goods Orders (DEC P)","High","1.2","1.7","1.0","Durable Goods"
"2019-03-13T12:30:00","usd","USD Durable Goods Orders (JAN P)","High","0.40","-0.40","1.30","Durable Goods"
"2014-06-17T00:00:00","usd","USD Federal Reserve FOMC Meeting","High","","","","FOMC"
"2014-07-09T18:00:00","usd","USD Fed Releases Minutes from June 17-18 FOMC Meeting","High","","","","FOMC"
"2014-08-20T18:00:00","usd","USD Fed Releases Minutes from July 29-30 FOMC Meeting","High","","","","FOMC"
"2014-10-08T18:00:00","usd","USD Fed Releases Minutes from Sept. 16-17 FOMC Meeting","High","","","","FOMC"
"2014-11-19T19:00:00","usd","USD Fed Releases Minutes from Oct. 28-29 FOMC Meeting","High","","","","FOMC"
"2015-01-07T19:00:00","usd","USD Fed Releases Minutes from Its Dec. 16-17 FOMC Meeting","High","","","","FOMC"
"2015-02-18T19:00:00","usd","USD U.S. Fed Releases Minutes from Jan. 27-28 FOMC Meeting","High","","","","FOMC"
"2015-04-08T18:00:00","usd","USD U.S. Fed Releases Minutes from March 17-18 FOMC Meeting","High","","","","FOMC"
"2015-07-08T18:00:00","usd","USD U.S. Fed Releases Minutes from June 16-17 FOMC Meeting","High","","","","FOMC"
"2015-08-19T18:00:00","usd","USD U.S. Fed Releases Minutes from July 28-29 FOMC Meeting","High","","","","FOMC"
"2015-10-08T18:00:00","usd","USD U.S. Fed Releases Minutes from Sept. 16-17 FOMC Meeting","High","","","","FOMC"
"2015-11-18T19:00:00","usd","USD Fed Releases Minutes of the Oct. 27-28 FOMC Meeting","High","","","","FOMC"
"2016-01-06T19:00:00","usd","USD U.S. Fed Releases Minutes from Dec. 15-16 FOMC Meeting","High","","","","FOMC"
"2016-04-27T18:00:00","usd","USD FOMC Rate Decision (Lower Bound) (APR 27)","High","0.25","0.25","0.25","FOMC"
"2016-06-15T18:00:00","usd","USD FOMC Rate Decision (Lower Bound) (JUN 15)","High","0.25","0.25","0.25","FOMC"
"2016-07-27T18:00:00","usd","USD FOMC Rate Decision (Lower Bound) (JUL 27)","High","0.25","0.25","0.25","FOMC"
"2016-09-21T18:00:00","usd","USD FOMC Rate Decision (Lower Bound) (SEP 21)","High","0.25","0.25","0.25","FOMC"
"2016-11-02T18:00:00","usd","USD FOMC Rate Decision (Lower Bound) (NOV 2)","High","0.25","0.25","0.25","FOMC"
"2016-11-23T19:00:00","usd","USD U.S. Fed Releases Minutes from November 1-2 FOMC Meeting","High","","","","FOMC"
"2016-12-14T19:00:00","usd","USD FOMC Rate Decision (Lower Bound) (DEC 14)","High","0.50","0.50","0.25","FOMC"
"2017-02-01T19:00:00","usd","USD FOMC Rate Decision (Lower Bound) (FEB 01)","High","0.50","0.50","0.50","FOMC"
"2017-02-22T19:00:00","usd","USD FOMC Meeting Minutes (FEB 01)","High","","","","FOMC"
"2017-03-15T18:00:00","usd","USD FOMC Rate Decision (Lower Bound) (MAR 15)","High","0.75","0.75","0.50","FOMC"
"2017-03-15T18:00:00","usd","USD FOMC Releases New Summary of Economic Projections (MAR 15)","High","","","","FOMC"
"2017-04-05T18:00:00","usd","USD FOMC Meeting Minutes (MAR 15)","High","","","","FOMC"
"2017-05-03T18:00:00","usd","USD FOMC Rate Decision (Lower Bound) (MAY 03)","High","0.75","0.75","0.75","FOMC"
"2017-05-24T18:00:00","usd","USD FOMC Meeting Minutes (3 MAY)","High","","","","FOMC"
"2017-07-05T18:00:00","usd","USD FOMC Meeting Minutes (JUN 14)","High","","","","FOMC"
"2017-07-26T18:00:00","usd","USD FOMC Rate Decision (Lower Bound) (Jul 26)","High","1.00","1.00","1.00","FOMC"
"2017-08-16T18:00:00","usd","USD FOMC Meeting Minutes (JUL 26)","High","","","","FOMC"
"2017-09-20T18:00:00","usd","USD FOMC Rate Decision (Lower Bound) (SEP 20)","High","1.00","1.00","1.00","FOMC"
"2017-10-11T18:00:00","usd","USD FOMC Meeting Minutes (SEP 20)","High","","","","FOMC"
"2017-11-01T18:00:00","usd","USD FOMC Rate Decision (Lower Bound) (NOV 01)","High","1.00","1.00","1.00","FOMC"
"2017-11-22T19:00:00","usd","USD FOMC Meeting Minutes (NOV 01)","High","","","","FOMC"
"2017-12-13T19:00:00","usd","USD FOMC Rate Decision (Lower Bound) (DEC 13)","High","1.25","1.25","1.00","FOMC"
"2018-01-03T19:00:00","usd","USD FOMC Meeting Minutes (DEC 13)","High","","","","FOMC"
"2018-01-31T19:00:00","usd","USD FOMC Rate Decision (Lower Bound) (JAN 31)","High","1.25","1.25","1.25","FOMC"
"2018-02-21T19:00:00","usd","USD FOMC Meeting Minutes (31 JAN)","High","","","","FOMC"
"2018-03-21T18:00:00","usd","USD FOMC Rate Decision (Lower Bound) (MAR 21)","High","1.50","1.50","1.25","FOMC"
"2018-04-11T18:00:00","usd","USD FOMC Meeting Minutes (Mar 21)","High","","","","FOMC"
"2018-05-02T18:00:00","usd","USD FOMC Rate Decision (Lower Bound) (MAY 2)","High","1.50","1.50","1.50","FOMC"
"2018-05-23T18:00:00","usd","USD FOMC Meeting Minutes (MAY 2)","High","","","","FOMC"
"2018-06-13T18:00:00","usd","USD FOMC Rate Decision (Lower Bound) (JUN 13)","High","1.75","1.75","1.50","FOMC"
"2018-07-05T18:00:00","usd","USD FOMC Meeting Minutes (JUN 13)","High","","","","FOMC"
"2018-08-01T18:00:00","usd","USD FOMC Rate Decision (Lower Bound) (1 AUG)","High","1.75","1.75","1.75","FOMC"
"2018-08-22T18:00:00","usd","USD FOMC Meeting Minutes (AUG 1)","High","","","","FOMC"
"2018-09-26T18:00:00","usd","USD FOMC Rate Decision (Lower Bound) (SEP 26)","High","2.00","2.00","1.75","FOMC"
"2018-10-17T18:00:00","usd","USD FOMC Meeting Minutes (SEP 26)","High","","","","FOMC"
"2018-11-08T19:00:00","usd","USD FOMC Rate Decision (Lower Bound) (NOV 8)","High","2.00","2.00","2.00","FOMC"
"2018-11-29T19:00:00","usd","USD FOMC Meeting Minutes (NOV 08)","High","","","","FOMC"
"2018-12-19T19:00:00","usd","USD FOMC Rate Decision (Lower Bound) (DEC 19)","High","2.25","2.25","2.00","FOMC"
"2019-01-09T19:00:00","usd","USD FOMC Meeting Minutes (DEC 19)","High","","","","FOMC"
"2019-01-30T19:00:00","usd","USD FOMC Rate Decision (Lower Bound) (JAN 30)","High","2.25","2.25","2.25","FOMC"
"2019-02-20T19:00:00","usd","USD FOMC Meeting Minutes (JAN)","High","","","","FOMC"
"2014-05-29T12:30:00","usd","USD Gross Domestic Product (Annualized) (1Q S)","High","-1.0","-0.5","0.1","Gross Domestic Product"
"2014-06-25T12:30:00","usd","USD Gross Domestic Product (Annualized) (1Q T)","High","-2.9","-1.8","-1.0","Gross Domestic Product"
"2014-07-30T12:30:00","usd","USD Gross Domestic Product (Annualized) (2Q A)","High","4.0","3.0","-2.1","Gross Domestic Product"
"2014-08-28T12:30:00","usd","USD Gross Domestic Product (Annualized) (2Q S)","High","4.2","3.9","4.0","Gross Domestic Product"
"2014-10-30T12:30:00","usd","USD Gross Domestic Product (Annualized) (3Q A)","High","3.5","3.0","4.6","Gross Domestic Product"
"2014-11-25T13:30:00","usd","USD Gross Domestic Product (Annualized) (3Q S)","High","3.9","3.3","3.5","Gross Domestic Product"
"2015-01-30T13:30:00","usd","USD Gross Domestic Product (Annualized) (4Q A)","High","2.6","3.0","5.0","Gross Domestic Product"
"2015-02-27T13:30:00","usd","USD Gross Domestic Product (Annualized) (4Q S)","High","2.2","2.0","2.2","Gross Domestic Product"
"2015-04-29T12:30:00","usd","USD Gross Domestic Product (Annualized) (1Q A)","High","0.2","1.0","2.2","Gross Domestic Product"
"2015-05-29T12:30:00","usd","USD Gross Domestic Product (Annualized) (1Q S)","High","-0.7","-0.9","0.2","Gross Domestic Product"
"2015-07-30T12:30:00","usd","USD Gross Domestic Product (Annualized) (2Q A)","High","2.3","2.5","0.6","Gross Domestic Product"
"2015-08-27T12:30:00","usd","USD Gross Domestic Product (Annualized) (2Q S)","High","3.7","3.2","2.3","Gross Domestic Product"
"2015-10-29T12:30:00","usd","USD Gross Domestic Product (Annualized) (3Q A)","High","1.5","1.6","3.9","Gross Domestic Product"
"2015-11-24T13:30:00","usd","USD Gross Domestic Product (Annualized) (3Q S)","High","2.1","2.1","1.5","Gross Domestic Product"
"2016-01-29T13:30:00","usd","USD Gross Domestic Product (Annualized) (4Q A)","High","0.7","0.8","2.0","Gross Domestic Product"
"2016-02-26T13:30:00","usd","USD Gross Domestic Product (Annualized) (4Q S)","High","1.0","0.4","0.7","Gross Domestic Product"
"2016-04-28T12:30:00","usd","USD Gross Domestic Product (Annualized) (1Q A)","High","0.5","0.7","1.4","Gross Domestic Product"
"2016-05-27T12:30:00","usd","USD Gross Domestic Product (Annualized) (1Q S)","High","0.8","0.9","0.5","Gross Domestic Product"
"2016-07-29T12:30:00","usd","USD Gross Domestic Product (Annualized) (2Q A)","High","1.2","2.5","0.8","Gross Domestic Product"
"2016-08-26T12:30:00","usd","USD Gross Domestic Product (Annualized) (2Q S)","High","1.1","1.1","1.2","Gross Domestic Product"
"2016-10-28T12:30:00","usd","USD Gross Domestic Product (Annualized) (3Q A)","High","2.9","2.6","1.4","Gross Domestic Product"
"2017-01-27T13:30:00","usd","USD Gross Domestic Product (Annualized) (4Q A)","High","1.9","2.2","3.5","Gross Domestic Product"
"2017-02-28T13:30:00","usd","USD Gross Domestic Product (Annualized) (4Q S)","High","1.9","2.1","1.9","Gross Domestic Product"
"2017-03-30T12:30:00","usd","USD Gross Domestic Product (Annualized) (4Q T)","High","2.1","2.0","1.9","Gross Domestic Product"
"2017-04-28T12:30:00","usd","USD Gross Domestic Product (Annualized) (1Q A)","High","0.7","1.0","2.1","Gross Domestic Product"
"2017-05-26T12:30:00","usd","USD Gross Domestic Product (Annualized) (1Q S)","High","1.2","0.9","0.7","Gross Domestic Product"
"2017-06-29T12:30:00","usd","USD Gross Domestic Product (Annualized) (1Q T)","High","1.4","1.2","1.2","Gross Domestic Product"
"2017-07-28T12:30:00","usd","USD Gross Domestic Product (Annualized) (2Q A)","High","2.6","2.7","1.2","Gross Domestic Product"
"2017-08-30T12:30:00","usd","USD Gross Domestic Product (Annualized) (2Q S)","High","3.0","2.7","2.6","Gross Domestic Product"
"2017-09-28T12:30:00","usd","USD Gross Domestic Product (Annualized) (2Q T)","High","3.1","3.0","3.0","Gross Domestic Product"
"2017-10-27T12:30:00","usd","USD Gross Domestic Product (Annualized) (3Q A)","High","3.0","2.6","3.1","Gross Domestic Product"
"2017-11-29T13:30:00","usd","USD Gross Domestic Product Annualized (QoQ) (3Q S)","High","3.3","3.2","3.0","Gross Domestic Product"
"2017-12-21T13:30:00","usd","USD Gross Domestic Product Annualized (QoQ) (3Q T)","High","3.2","3.3","3.3","Gross Domestic Product"
"2018-01-26T13:30:00","usd","USD Gross Domestic Product Annualized (QoQ) (4Q A)","High","2.6","3.0","3.2","Gross Domestic Product"
"2018-02-28T13:30:00","usd","USD Gross Domestic Product Annualized (QoQ) (4Q S)","High","2.5","2.5","2.6","Gross Domestic Product"
"2018-03-28T12:30:00","usd","USD Gross Domestic Product Annualized (QoQ) (4Q T)","High","2.9","2.7","2.5","Gross Domestic Product"
"2018-04-27T12:30:00","usd","USD Gross Domestic Product Annualized (QoQ) (1Q A)","High","2.3","2.0","2.9","Gross Domestic Product"
"2018-05-30T12:30:00","usd","USD Gross Domestic Product Annualized (QoQ) (1Q S)","High","2.2","2.3","2.3","Gross Domestic Product"
"2018-06-28T12:30:00","usd","USD Gross Domestic Product Annualized (QoQ) (1Q T)","High","2.0","2.2","2.2","Gross Domestic Product"
"2018-07-27T12:30:00","usd","USD Gross Domestic Product Annualized (QoQ) (2Q A)","High","4.1","4.2","2.2","Gross Domestic Product"
"2018-08-29T12:30:00","usd","USD Gross Domestic Product Annualized (QoQ) (2Q S)","High","4.2","4.0","4.1","Gross Domestic Product"
"2018-09-27T12:30:00","usd","USD Gross Domestic Product Annualized (QoQ) (2Q T)","High","4.2","4.2","4.2","Gross Domestic Product"
"2018-10-26T12:30:00","usd","USD Gross Domestic Product Annualized (QoQ) (3Q A)","High","3.5","3.3","4.2","Gross Domestic Product"
"2018-11-28T13:30:00","usd","USD Gross Domestic Product Annualized (QoQ) (3Q S)","High","3.5","3.5","3.5","Gross Domestic Product"
"2018-12-21T13:30:00","usd","USD Gross Domestic Product Annualized (QoQ) (3Q T)","High","3.4","3.5","3.5","Gross Domestic Product"
"2019-02-28T13:30:00","usd","USD Gross Domestic Product Annualized (QoQ) (4Q A)","High","2.6","2.20","3.40","Gross Domestic Product"
"2014-07-01T14:00:00","usd","USD ISM Manufacturing (JUN)","High","55.3","55.9","55.4","ISM Manufacturing"
"2014-08-01T14:00:00","usd","USD ISM Manufacturing (JUL)","High","57.1","56.0","55.3","ISM Manufacturing"
"2014-09-02T14:00:00","usd","USD ISM Manufacturing (AUG)","High","59.0","57.0","57.1","ISM Manufacturing"
"2014-10-01T14:00:00","usd","USD ISM Manufacturing (SEP)","High","56.6","58.5","59","ISM Manufacturing"
"2014-11-03T15:00:00","usd","USD ISM Manufacturing (OCT)","High","59.0","56.1","56.6","ISM Manufacturing"
"2014-12-01T15:00:00","usd","USD ISM Manufacturing (NOV)","High","58.7","58","59","ISM Manufacturing"
"2015-01-02T15:00:00","usd","USD ISM Manufacturing (DEC)","High","55.5","57.5","58.7","ISM Manufacturing"
"2015-02-02T15:00:00","usd","USD ISM Manufacturing (JAN)","High","53.5","54.5","55.1","ISM Manufacturing"
"2015-03-02T15:00:00","usd","USD ISM Manufacturing (FEB)","High","52.9","53.0","53.5","ISM Manufacturing"
"2015-04-01T14:00:00","usd","USD ISM Manufacturing (MAR)","High","51.5","52.5","52.9","ISM Manufacturing"
"2015-05-01T14:00:00","usd","USD ISM Manufacturing (APR)","High","51.5","52","51.5","ISM Manufacturing"
"2015-06-01T14:00:00","usd","USD ISM Manufacturing (MAY)","High","52.8","52","51.5","ISM Manufacturing"
"2015-07-01T14:00:00","usd","USD ISM Manufacturing (JUN)","High","53.5","53.2","52.8","ISM Manufacturing"
"2015-08-03T14:00:00","usd","USD ISM Manufacturing (JUL)","High","52.7","53.5","53.5","ISM Manufacturing"
"2015-09-01T14:00:00","usd","USD ISM Manufacturing (AUG)","High","51.1","52.5","52.7","ISM Manufacturing"
"2015-10-01T14:00:00","usd","USD ISM Manufacturing (SEP)","High","50.2","50.6","51.1","ISM Manufacturing"
"2015-11-02T15:00:00","usd","USD ISM Manufacturing (OCT)","High","50.1","50","50.2","ISM Manufacturing"
"2015-12-01T15:00:00","usd","USD ISM Manufacturing (NOV)","High","48.6","50.5","50.1","ISM Manufacturing"
"2016-01-04T15:00:00","usd","USD ISM Manufacturing (DEC)","High","48.2","49","48.6","ISM Manufacturing"
"2016-02-01T15:00:00","usd","USD ISM Manufacturing (JAN)","High","48.2","48.4","48.0","ISM Manufacturing"
"2016-03-01T15:00:00","usd","USD ISM Manufacturing (FEB)","High","49.5","48.5","48.2","ISM Manufacturing"
"2016-04-01T14:00:00","usd","USD ISM Manufacturing (MAR)","High","51.8","50.7","49.5","ISM Manufacturing"
"2016-05-02T14:00:00","usd","USD ISM Manufacturing (APR)","High","50.8","51.4","51.8","ISM Manufacturing"
"2016-06-01T14:00:00","usd","USD ISM Manufacturing (MAY)","High","51.3","50.4","50.8","ISM Manufacturing"
"2016-07-01T14:00:00","usd","USD ISM Manufacturing (JUN)","High","53.2","51.3","51.3","ISM Manufacturing"
"2016-08-01T14:00:00","usd","USD ISM Manufacturing (JUL)","High","52.6","53","53.2","ISM Manufacturing"
"2016-09-01T14:00:00","usd","USD ISM Manufacturing (AUG)","High","49.4","52.0","52.6","ISM Manufacturing"
"2016-10-03T14:00:00","usd","USD ISM Manufacturing (SEP)","High","51.5","50.4","49.4","ISM Manufacturing"
"2016-11-01T14:00:00","usd","USD ISM Manufacturing (OCT)","High","51.9","51.7","51.5","ISM Manufacturing"
"2016-12-01T15:00:00","usd","USD ISM Manufacturing (NOV)","High","53.2","52.4","51.9","ISM Manufacturing"
"2017-01-03T15:00:00","usd","USD ISM Manufacturing (DEC)","High","54.7","53.8","53.2","ISM Manufacturing"
"2017-02-01T15:00:00","usd","USD ISM Manufacturing (JAN)","High","56.0","55.0","54.5","ISM Manufacturing"
"2017-03-01T15:00:00","usd","USD ISM Manufacturing (FEB)","High","57.7","56.2","56.0","ISM Manufacturing"
"2017-04-03T14:00:00","usd","USD ISM Manufacturing (MAR)","High","57.2","57.2","57.7","ISM Manufacturing"
"2017-05-01T14:00:00","usd","USD ISM Manufacturing (APR)","High","54.8","56.5","57.2","ISM Manufacturing"
"2017-06-01T14:00:00","usd","USD ISM Manufacturing (MAY)","High","54.9","54.8","54.8","ISM Manufacturing"
"2017-07-03T14:00:00","usd","USD ISM Manufacturing (JUN)","High","57.8","55.3","54.9","ISM Manufacturing"
"2017-08-01T14:00:00","usd","USD ISM Manufacturing (JUL)","High","56.3","56.4","57.8","ISM Manufacturing"
"2017-09-01T14:00:00","usd","USD ISM Manufacturing (AUG)","High","58.8","56.5","56.3","ISM Manufacturing"
"2017-10-02T14:00:00","usd","USD ISM Manufacturing (SEP)","High","60.8","58.1","58.8","ISM Manufacturing"
"2017-11-01T14:00:00","usd","USD ISM Manufacturing (OCT)","High","58.7","59.5","60.8","ISM Manufacturing"
"2017-12-01T15:00:00","usd","USD ISM Manufacturing (NOV)","High","58.2","58.3","58.7","ISM Manufacturing"
"2018-01-03T15:00:00","usd","USD ISM Manufacturing (DEC)","High","59.7","58.2","58.2","ISM Manufacturing"
"2018-02-01T15:00:00","usd","USD ISM Manufacturing (JAN)","High","59.1","58.6","59.3","ISM Manufacturing"
"2018-03-01T15:00:00","usd","USD ISM Manufacturing (FEB)","High","60.8","58.7","59.1","ISM Manufacturing"
"2018-04-02T14:00:00","usd","USD ISM Manufacturing (MAR)","High","59.3","60.0","60.8","ISM Manufacturing"
"2018-05-01T14:00:00","usd","USD ISM Manufacturing (APR)","High","57.3","58.5","59.3","ISM Manufacturing"
"2018-06-01T14:00:00","usd","USD ISM Manufacturing (MAY)","High","58.7","58.2","57.3","ISM Manufacturing"
"2018-07-02T14:00:00","usd","USD ISM Manufacturing (JUN)","High","60.2","58.5","58.7","ISM Manufacturing"
"2018-08-01T14:00:00","usd","USD ISM Manufacturing (JUL)","High","58.1","59.4","60.2","ISM Manufacturing"
"2018-09-04T14:00:00","usd","USD ISM Manufacturing (AUG)","High","61.3","57.6","58.1","ISM Manufacturing"
"2018-10-01T14:00:00","usd","USD ISM Manufacturing (SEP)","High","59.8","60","61.3","ISM Manufacturing"
"2018-11-01T14:00:00","usd","USD ISM Manufacturing (OCT)","High","57.7","59.0","59.8","ISM Manufacturing"
"2018-12-03T15:00:00","usd","USD ISM Manufacturing (NOV)","High","59.3","57.5","57.7","ISM Manufacturing"
"2019-01-03T15:00:00","usd","USD ISM Manufacturing (DEC)","High","54.1","57.5","59.3","ISM Manufacturing"
"2019-02-01T15:00:00","usd","USD ISM Manufacturing (JAN)","High","56.6","54.2","54.1","ISM Manufacturing"
"2019-03-01T15:00:00","usd","USD ISM Manufacturing (FEB)","High","54.2","56.0","56.6","ISM Manufacturing"
"2014-08-05T14:00:00","usd","USD ISM Non-Manufacturing Composite (JUL)","High","58.7","56.5","56.0","ISM Non-Manufacturing"
"2014-09-04T14:00:00","usd","USD ISM Non-Manufacutring Composite (AUG)","High","59.6","57.7","58.7","ISM Non-Manufacturing"
"2014-10-03T14:00:00","usd","USD ISM Non-Manufacutring Composite (SEP)","High","58.6","58.5","59.6","ISM Non-Manufacturing"
"2014-11-05T15:00:00","usd","USD ISM Non-Manufacutring Composite (OCT)","High","57.1","58","58.6","ISM Non-Manufacturing"
"2014-12-03T15:00:00","usd","USD ISM Non-Manufacturing Composite (NOV)","High","59.3","57.5","57.1","ISM Non-Manufacturing"
"2015-01-06T15:00:00","usd","USD ISM Non-Manufacutring Composite (DEC)","High","56.2","58","59.3","ISM Non-Manufacturing"
"2015-02-04T15:00:00","usd","USD ISM Non-Manufacutring Composite (JAN)","High","56.7","56.4","56.5","ISM Non-Manufacturing"
"2015-03-04T15:00:00","usd","USD ISM Non-Manufacturing Composite (FEB)","High","56.9","56.5","56.7","ISM Non-Manufacturing"
"2015-04-06T14:00:00","usd","USD ISM Non-Manufacturing Composite (MAR)","High","56.5","56.5","56.9","ISM Non-Manufacturing"
"2015-06-03T14:00:00","usd","USD ISM Non-Manufacutring Composite (MAY)","High","55.7","57.0","57.8","ISM Non-Manufacturing"
"2015-07-06T14:00:00","usd","USD ISM Non-Manufacturing Composite (JUN)","High","56.0","56.4","55.7","ISM Non-Manufacturing"
"2015-08-05T14:00:00","usd","USD ISM Non-Manufacturing Composite (JUL)","High","60.3","56.2","56.0","ISM Non-Manufacturing"
"2015-09-03T14:00:00","usd","USD ISM Non-Manufacturing Composite (AUG)","High","59.0","58.2","60.3","ISM Non-Manufacturing"
"2015-10-05T14:00:00","usd","USD ISM Non-Manufacutring Composite (SEP)","High","56.9","57.5","59.0","ISM Non-Manufacturing"
"2015-11-04T15:00:00","usd","USD ISM Non-Manufacturing Composite (OCT)","High","59.1","56.5","56.9","ISM Non-Manufacturing"
"2015-12-03T15:00:00","usd","USD ISM Non-Manufacturing Composite (NOV)","High","55.9","58.0","59.1","ISM Non-Manufacturing"
"2016-01-06T15:00:00","usd","USD ISM Non-Manufacutring Composite (DEC)","High","55.3","56","55.9","ISM Non-Manufacturing"
"2016-02-03T15:00:00","usd","USD ISM Non-Manufacturing Composite (JAN)","High","53.5","55.2","55.8","ISM Non-Manufacturing"
"2016-03-03T15:00:00","usd","USD ISM Non-Manufacturing/Services Composite (FEB)","High","53.4","53.1","53.5","ISM Non-Manufacturing"
"2016-04-05T14:00:00","usd","USD ISM Non-Manufacturing/Services Composite (MAR)","High","54.5","54.1","53.4","ISM Non-Manufacturing"
"2016-05-04T14:00:00","usd","USD ISM Non-Manufacturing/Services Composite (APR)","High","55.7","54.8","54.5","ISM Non-Manufacturing"
"2016-06-03T14:00:00","usd","USD ISM Non-Manufacutring Composite (MAY)","High","52.9","55.4","55.7","ISM Non-Manufacturing"
"2016-07-06T14:00:00","usd","USD ISM Non-Manufacturing Composite (JUN)","High","56.5","53.3","52.9","ISM Non-Manufacturing"
"2016-08-03T14:00:00","usd","USD ISM Services/Non-Manufacturing Composite (JUL)","High","55.5","55.9","56.5","ISM Non-Manufacturing"
"2016-09-06T14:00:00","usd","USD ISM Non-Manufacturing/Services Composite (AUG)","High","51.4","54.9","55.5","ISM Non-Manufacturing"
"2016-10-05T14:00:00","usd","USD ISM Non-Manufacturing Composite (SEP)","High","57.1","53.0","51.4","ISM Non-Manufacturing"
"2016-11-03T14:00:00","usd","USD ISM Services/Non-Manufacturing Composite (OCT)","High","54.8","56","57.1","ISM Non-Manufacturing"
"2016-12-05T15:00:00","usd","USD ISM Services/Non-Manufacturing Composite (NOV)","High","57.2","55.5","54.8","ISM Non-Manufacturing"
"2017-01-05T15:00:00","usd","USD ISM Services/Non-Manufacturing Composite (DEC)","High","57.2","56.8","57.2","ISM Non-Manufacturing"
"2017-02-03T15:00:00","usd","USD ISM Non-Manufacturing Composite (JAN)","High","56.5","57","56.6","ISM Non-Manufacturing"
"2017-03-03T15:00:00","usd","USD ISM Non-Manufacutring Composite (FEB)","High","57.6","56.5","56.5","ISM Non-Manufacturing"
"2017-04-05T14:00:00","usd","USD ISM Services/Non-Manufacturing Composite (MAR)","High","55.2","57","57.6","ISM Non-Manufacturing"
"2017-05-03T14:00:00","usd","USD ISM Non-Manufacturing Composite Index","High","57.5","55.8","55.2","ISM Non-Manufacturing"
"2017-06-05T14:00:00","usd","USD ISM Services/Non-Manufacturing Composite (MAY)","High","56.9","57.1","57.5","ISM Non-Manufacturing"
"2017-07-06T14:00:00","usd","USD ISM Services/Non-Manufacturing Composite (JUN)","High","57.4","56.5","56.9","ISM Non-Manufacturing"
"2017-08-03T14:00:00","usd","USD ISM Services/Non-Manufacturing Composite (JUL)","High","53.9","56.9","57.4","ISM Non-Manufacturing"
"2017-09-06T14:00:00","usd","USD ISM Services/Non-Manufacturing Composite (AUG)","High","55.3","55.5","53.9","ISM Non-Manufacturing"
"2017-10-04T14:00:00","usd","USD ISM Services/Non-Manufacturing Composite (SEP)","High","59.8","55.5","55.3","ISM Non-Manufacturing"
"2017-11-03T14:00:00","usd","USD ISM Non-Manufacturing/Services Composite (OCT)","High","60.1","58.5","59.8","ISM Non-Manufacturing"
"2017-12-05T15:00:00","usd","USD ISM Non-Manufacturing/Services Composite (NOV)","High","57.4","59","60.1","ISM Non-Manufacturing"
"2018-01-05T15:00:00","usd","USD ISM Non-Manufacturing/Services Composite (DEC)","High","55.9","57.6","57.4","ISM Non-Manufacturing"
"2018-02-05T15:00:00","usd","USD ISM Non-Manufacturing/Services Composite (JAN)","High","59.9","56.7","56","ISM Non-Manufacturing"
"2018-03-05T15:00:00","usd","USD ISM Non-Manufacturing/Services Composite (FEB)","High","59.5","59","59.9","ISM Non-Manufacturing"
"2018-04-04T14:00:00","usd","USD ISM Non-Manufacturing/Services Composite (MAR)","High","58.8","59.0","59.5","ISM Non-Manufacturing"
"2018-05-03T14:00:00","usd","USD ISM Non-Manufacturing/Services Composite (APR)","High","56.8","58.0","58.8","ISM Non-Manufacturing"
"2018-06-05T14:00:00","usd","USD ISM Non-Manufacturing/Services Composite (MAY)","High","58.6","57.6","56.8","ISM Non-Manufacturing"
"2018-07-05T14:00:00","usd","USD ISM Non-Manufacturing/Services Composite (JUN)","High","59.1","58.3","58.6","ISM Non-Manufacturing"
"2018-08-03T14:00:00","usd","USD ISM Non-Manufacturing/Services Composite (JUL)","High","55.7","58.6","59.1","ISM Non-Manufacturing"
"2018-09-06T14:00:00","usd","USD ISM Non-Manufacturing/Services Composite (AUG)","High","58.5","56.8","55.7","ISM Non-Manufacturing"
"2018-10-03T14:00:00","usd","USD ISM Non-Manufacturing/Services Composite (SEP)","High","61.6","58","58.5","ISM Non-Manufacturing"
"2018-11-05T15:00:00","usd","USD ISM Non-Manufacturing/Services Composite (OCT)","High","60.3","59","61.6","ISM Non-Manufacturing"
"2018-12-06T15:00:00","usd","USD ISM Non-Manufacturing/Services Composite (NOV)","High","60.7","59","60.3","ISM Non-Manufacturing"
"2019-01-07T15:00:00","usd","USD ISM Non-Manufacturing/Services Composite (DEC)","High","57.6","58.5","60.7","ISM Non-Manufacturing"
"2019-02-05T15:00:00","usd","USD ISM Non-Manufacturing/Services Composite (JAN)","High","56.7","57.0","58.0","ISM Non-Manufacturing"
"2019-03-05T15:00:00","usd","USD ISM Non-Manufacturing/Services Composite (FEB)","High","59.7","57.3","56.7","ISM Non-Manufacturing"
"2014-06-06T12:30:00","usd","USD Change in Non-farm Payrolls (MAY)","High","217K","215K","282K","Non-farm Payrolls"
"2014-07-03T12:30:00","usd","USD Change in Non-farm Payrolls (JUN)","High","288K","215K","224K","Non-farm Payrolls"
"2014-08-01T12:30:00","usd","USD Change in Non-farm Payrolls (JUL)","High","209K","230K","298K","Non-farm Payrolls"
"2014-09-05T12:30:00","usd","USD Change in Non-farm Payrolls (AUG)","High","142K","230K","212K","Non-farm Payrolls"
"2014-10-03T12:30:00","usd","USD Change in Non-farm Payrolls (SEP)","High","248K","215K","180K","Non-farm Payrolls"
"2014-11-07T13:30:00","usd","USD Change in Non-farm Payrolls (OCT)","High","214K","235K","257K","Non-farm Payrolls"
"2014-12-05T13:30:00","usd","USD Change in Non-farm Payrolls (NOV)","High","321K","230K","243K","Non-farm Payrolls"
"2015-01-09T13:30:00","usd","USD Change in Non-farm Payrolls (DEC)","High","252K","240K","353K","Non-farm Payrolls"
"2015-02-06T13:30:00","usd","USD Change in Non-farm Payrolls (JAN)","High","257K","230K","320K","Non-farm Payrolls"
"2015-03-06T13:30:00","usd","USD Change in Non-farm Payrolls (FEB)","High","295K","235K","239K","Non-farm Payrolls"
"2015-04-03T12:30:00","usd","USD Change in Non-farm Payrolls (MAR)","High","126K","245K","264K","Non-farm Payrolls"
"2015-05-08T12:30:00","usd","USD Change in Non-farm Payrolls (APR)","High","223K","228K","85K","Non-farm Payrolls"
"2015-06-05T12:30:00","usd","USD Change in Non-farm Payrolls (MAY)","High","280K","226K","221K","Non-farm Payrolls"
"2015-07-02T12:30:00","usd","USD Change in Non-farm Payrolls (JUN)","High","223K","233K","254K","Non-farm Payrolls"
"2015-08-07T12:30:00","usd","USD Change in Non-farm Payrolls (JUL)","High","215K","225K","231K","Non-farm Payrolls"
"2015-09-04T12:30:00","usd","USD Change in Non-farm Payrolls (AUG)","High","173K","217K","245K","Non-farm Payrolls"
"2015-10-02T12:30:00","usd","USD Change in Non-farm Payrolls (SEP)","High","142K","201K","136K","Non-farm Payrolls"
"2015-11-06T13:30:00","usd","USD Change in Non-farm Payrolls (OCT)","High","271k","185k","137k","Non-farm Payrolls"
"2015-12-04T13:30:00","usd","USD Change in Non-farm Payrolls (NOV)","High","211k","200k","298k","Non-farm Payrolls"
"2016-01-08T13:30:00","usd","USD Change in Non-farm Payrolls (DEC)","High","292k","200k","252k","Non-farm Payrolls"
"2016-02-05T13:30:00","usd","USD Change in Non-farm Payrolls (JAN)","High","151k","190k","262k","Non-farm Payrolls"
"2016-03-04T13:30:00","usd","USD Change in Nonfarm Payrolls (FEB)","High","242k","195k","172k","Non-farm Payrolls"
"2016-04-01T12:30:00","usd","USD Change in Nonfarm Payrolls (MAR)","High","215K","205k","242k","Non-farm Payrolls"
"2016-05-06T12:30:00","usd","USD Change in Non-farm Payrolls (APR)","High","160k","200k","215k","Non-farm Payrolls"
"2016-06-03T12:30:00","usd","USD Change in Non-farm Payrolls (MAY)","High","38K","160K","123K","Non-farm Payrolls"
"2016-07-08T12:30:00","usd","USD Change in Non-farm Payrolls (JUN)","High","287k","180k","11k","Non-farm Payrolls"
"2016-08-05T12:30:00","usd","USD Change in Non-farm Payrolls (JUL)","High","255k","180k","287k","Non-farm Payrolls"
"2016-09-02T12:30:00","usd","USD Change in Non-farm Payrolls (AUG)","High","151k","180k","275k","Non-farm Payrolls"
"2016-10-07T12:30:00","usd","USD Change in Non-farm Payrolls (SEP)","High","156k","167k","151k","Non-farm Payrolls"
"2016-11-04T12:30:00","usd","USD Change in Nonfarm Payrolls (OCT)","High","161k","175k","191k","Non-farm Payrolls"
"2016-12-02T13:30:00","usd","USD Change in Non-farm Payrolls (NOV)","High","178k","180K","142K","Non-farm Payrolls"
"2017-01-06T13:30:00","usd","USD Change in Non-farm Payrolls (DEC)","High","156k","175k","204k","Non-farm Payrolls"
"2017-02-03T13:30:00","usd","USD Change in Non-farm Payrolls (JAN)","High","227k","180k","157k","Non-farm Payrolls"
"2017-03-10T13:30:00","usd","USD Change in Non-farm Payrolls (FEB)","High","235k","200k","238k","Non-farm Payrolls"
"2017-04-07T12:30:00","usd","USD Change in Non-farm Payrolls (MAR)","High","98k","180k","219k","Non-farm Payrolls"
"2017-05-05T12:30:00","usd","USD Change in Non-farm Payrolls (APR)","High","211k","190k","79k","Non-farm Payrolls"
"2017-06-02T12:30:00","usd","USD Change in Non-farm Payrolls (MAY)","High","138k","182k","174k","Non-farm Payrolls"
"2017-07-07T12:30:00","usd","USD Change in Non-farm Payrolls (JUN)","High","222k","178k","152k","Non-farm Payrolls"
"2017-08-04T12:30:00","usd","USD Change in Non-farm Payrolls (JUL)","High","209k","180k","231k","Non-farm Payrolls"
"2017-09-01T12:30:00","usd","USD Change in Non-farm Payrolls (AUG)","High","156k","180k","189k","Non-farm Payrolls"
"2017-10-06T12:30:00","usd","USD Change in Non-farm Payrolls (SEP)","High","-33k","80k","169k","Non-farm Payrolls"
"2017-11-03T12:30:00","usd","USD Change in Non-farm Payrolls (OCT)","High","261k","313k","18k","Non-farm Payrolls"
"2017-12-08T13:30:00","usd","USD Change in Non-farm Payrolls (NOV)","High","228k","195k","244k","Non-farm Payrolls"
"2018-01-05T13:30:00","usd","USD Change in Non-farm Payrolls (DEC)","High","148k","190k","252k","Non-farm Payrolls"
"2018-02-02T13:30:00","usd","USD Change in Non-farm Payrolls (JAN)","High","200k","180k","160k","Non-farm Payrolls"
"2018-03-09T13:30:00","usd","USD Change in Non-farm Payrolls (FEB)","High","313k","205k","239k","Non-farm Payrolls"
"2018-04-06T12:30:00","usd","USD Change in Non-farm Payrolls (MAR)","High","103k","185k","326k","Non-farm Payrolls"
"2018-05-04T12:30:00","usd","USD Change in Non-farm Payrolls (APR)","High","164k","193k","135k","Non-farm Payrolls"
"2018-06-01T12:30:00","usd","USD Change in Non-farm Payrolls (MAY)","High","223k","190k","159k","Non-farm Payrolls"
"2018-07-06T12:30:00","usd","USD Change in Non-farm Payrolls (JUN)","High","213k","195k","244k","Non-farm Payrolls"
"2018-08-03T12:30:00","usd","USD Change in Non-farm Payrolls (JUL)","High","157k","193k","248k","Non-farm Payrolls"
"2018-09-07T12:30:00","usd","USD Change in Non-Farm Payrolls (AUG)","High","201k","190k","147k","Non-farm Payrolls"
"2018-10-05T12:30:00","usd","USD Change in Non-farm Payrolls (SEP)","High","134k","185k","270k","Non-farm Payrolls"
"2018-11-02T12:30:00","usd","USD Change in Non-farm Payrolls (OCT)","High","250k","200k","118k","Non-farm Payrolls"
"2018-12-07T13:30:00","usd","USD Change in Non-farm Payrolls (NOV)","High","155k","198k","237k","Non-farm Payrolls"
"2019-01-04T13:30:00","usd","USD Change in Non-farm Payrolls (DEC)","High","312k","184k","176k","Non-farm Payrolls"
"2019-02-01T13:30:00","usd","USD Change in Non-farm Payrolls (JAN)","High","304K","165k","312k","Non-farm Payrolls"
"2019-03-08T13:30:00","usd","USD Change in Non-farm Payrolls (FEB)","High","20K","180k","311k","Non-farm Payrolls"
"2014-07-15T12:30:00","usd","USD Advance Retail Sales (JUN)","High","0.2","0.6","0.5","Retail Sales"
"2014-08-13T12:30:00","usd","USD Advance Retail Sales (JUL)","High","0.0","0.2","0.2","Retail Sales"
"2014-09-12T12:30:00","usd","USD Advance Retail Sales (AUG)","High","0.6","0.6","0.3","Retail Sales"
"2014-10-15T12:30:00","usd","USD Advance Retail Sales (SEP)","High","-0.3","-0.1","0.6","Retail Sales"
"2014-11-14T13:30:00","usd","USD Advance Retail Sales (OCT)","High","0.3","0.2","-0.3","Retail Sales"
"2014-12-11T13:30:00","usd","USD Advance Retail Sales (NOV)","High","0.7","0.4","0.5","Retail Sales"
"2015-01-14T13:30:00","usd","USD Advance Retail Sales (DEC)","High","-0.9","-0.1","0.4","Retail Sales"
"2015-02-12T13:30:00","usd","USD Advance Retail Sales (MoM) (DEC)","High","-0.8","-0.4","-0.9","Retail Sales"
"2015-03-12T12:30:00","usd","USD Advance Retail Sales (FEB)","High","-0.6","0.3","-0.8","Retail Sales"
"2015-04-14T12:30:00","usd","USD Advance Retail Sales (MAR)","High","0.9","1.1","-0.5","Retail Sales"
"2015-05-13T12:30:00","usd","USD Advance Retail Sales (APR)","High","0.0","0.2","1.1","Retail Sales"
"2015-06-11T12:30:00","usd","USD Advance Retail Sales (MAY)","High","1.2","1.2","0.2","Retail Sales"
"2015-07-14T12:30:00","usd","USD Advance Retail Sales (JUN)","High","-0.3","0.3","1.0","Retail Sales"
"2015-08-13T12:30:00","usd","USD Advance Retail Sales (JUL)","High","0.6","0.6","-0.3","Retail Sales"
"2015-09-15T12:30:00","usd","USD Advance Retail Sales (AUG)","High","0.2","0.3","0.7","Retail Sales"
"2015-10-14T12:30:00","usd","USD Advance Retail Sales (SEP)","High","0.1","0.2","0.0","Retail Sales"
"2015-11-13T13:30:00","usd","USD Advance Retail Sales (OCT)","High","0.1","0.3","0.0","Retail Sales"
"2015-12-11T13:30:00","usd","USD Advance Retail Sales (NOV)","High","0.2","0.3","0.1","Retail Sales"
"2016-01-15T13:30:00","usd","USD Advance Retail Sales (DEC)","High","-0.1","-0.1","0.4","Retail Sales"
"2016-02-12T13:30:00","usd","USD Advance Retail Sales (JAN)","High","0.2","0.1","0.2","Retail Sales"
"2016-03-15T12:30:00","usd","USD Advance Retail Sales (MoM) (FEB)","High","-0.1","-0.2","-0.4","Retail Sales"
"2016-04-13T12:30:00","usd","USD Advance Retail Sales (MAR)","High","-0.3","0.1","0.0","Retail Sales"
"2016-05-13T12:30:00","usd","USD Advance Retail Sales (APR)","High","1.3","0.8","-0.4","Retail Sales"
"2016-06-14T12:30:00","usd","USD Advance Retail Sales (MAY)","High","0.5","0.3","1.3","Retail Sales"
"2016-07-15T12:30:00","usd","USD Advance Retail Sales (JUN)","High","0.6","0.1","0.2","Retail Sales"
"2016-08-12T12:30:00","usd","USD Advance Retail Sales (JUL)","High","0.0","0.4","0.8","Retail Sales"
"2016-09-15T12:30:00","usd","USD Advance Retail Sales (AUG)","High","-0.3","-0.1","0.1","Retail Sales"
"2016-10-14T12:30:00","usd","USD Advance Retail Sales (SEP)","High","0.6","0.6","-0.2","Retail Sales"
"2016-11-15T13:30:00","usd","USD Advance Retail Sales (OCT)","High","0.8","0.6","0.6","Retail Sales"
"2016-12-14T13:30:00","usd","USD Advance Retail Sales (NOV)","High","0.1","0.3","0.6","Retail Sales"
"2017-01-13T13:30:00","usd","USD Advance Retail Sales (DEC)","High","0.6","0.7","0.2","Retail Sales"
"2017-02-15T13:30:00","usd","USD Advance Retail Sales (JAN)","High","0.4","0.1","1.0","Retail Sales"
"2017-03-15T12:30:00","usd","USD Advance Retail Sales (FEB)","High","0.1","0.1","0.6","Retail Sales"
"2017-04-14T12:30:00","usd","USD Advance Retail Sales (MAR)","High","-0.2","-0.2","-0.3","Retail Sales"
"2017-05-12T12:30:00","usd","USD Advance Retail Sales (APR)","High","0.4","0.6","0.1","Retail Sales"
"2017-06-14T12:30:00","usd","USD Advance Retail Sales (MAY)","High","-0.3","0.0","0.4","Retail Sales"
"2017-07-14T12:30:00","usd","USD Advance Retail Sales (MoM) (JUN)","High","-0.2","0.1","-0.1","Retail Sales"
"2017-08-15T12:30:00","usd","USD Advance Retail Sales (JUL)","High","0.6","0.3","0.3","Retail Sales"
"2017-09-15T12:30:00","usd","USD Advance Retail Sales (AUG)","High","-0.2","0.1","0.3","Retail Sales"
"2017-10-13T12:30:00","usd","USD Advance Retail Sales (SEP)","High","1.6","1.7","-0.1","Retail Sales"
"2017-11-15T13:30:00","usd","USD Retail Sales Advance (MoM) (OCT)","High","0.2","0.0","1.9","Retail Sales"
"2017-12-14T13:30:00","usd","USD Retail Sales Advance (MoM) (NOV)","High","0.8","0.3","0.5","Retail Sales"
"2018-01-12T13:30:00","usd","USD Retail Sales Advance (MoM) (DEC)","High","0.4","0.5","0.9","Retail Sales"
"2018-02-14T13:30:00","usd","USD Retail Sales Advance (MoM) (JAN)","High","-0.3","0.2","0.0","Retail Sales"
"2018-03-14T12:30:00","usd","USD Retail Sales Advance (MoM) (Feb)","High","-0.1","0.3","-0.1","Retail Sales"
"2018-04-16T12:30:00","usd","USD Retail Sales Advance (MoM) (MAR)","High","0.6","0.4","-0.1","Retail Sales"
"2018-05-15T12:30:00","usd","USD Retail Sales Advance (MoM) (APR)","High","0.3","0.3","0.8","Retail Sales"
"2018-06-14T12:30:00","usd","USD Retail Sales Advance (MoM) (MAY)","High","0.8","0.4","0.4","Retail Sales"
"2018-07-16T12:30:00","usd","USD Retail Sales Advance (MoM) (JUN)","High","0.5","0.5","1.3","Retail Sales"
"2018-08-15T12:30:00","usd","USD Retail Sales Advance (MoM) (JUL)","High","0.5","0.1","0.2","Retail Sales"
"2018-09-14T12:30:00","usd","USD Retail Sales Advance (MoM) (AUG)","High","0.1","0.4","0.7","Retail Sales"
"2018-10-15T12:30:00","usd","USD Retail Sales Advance (MoM) (SEP)","High","0.1","0.6","0.1","Retail Sales"
"2018-11-15T13:30:00","usd","USD Retail Sales Advance (MoM) (OCT)","High","0.8","0.5","-0.1","Retail Sales"
"2018-12-14T13:30:00","usd","USD Retail Sales Advance (MoM) (NOV)","High","0.2","0.1","1.1","Retail Sales"
"2019-01-17T00:00:00","usd","USD Retail Sales Advance (MoM) (DEC)","High","Delayed","0.1","0.2","Retail Sales"
"2019-01-21T00:00:00","usd","USD Retail Sales Advance (MoM) (DEC)","High","Delayed","0.1","0.2","Retail Sales"
"2019-02-14T13:30:00","usd","USD Retail Sales Advance (MoM) (DEC)","High","-1.2","0.1","0.1","Retail Sales"
"2019-03-11T12:30:00","usd","USD Retail Sales Advance (MoM) (JAN)","High","0.2","0.00","-1.60","Retail Sales"
